business_name,license_number,license_type,status,address,city,state,zip,source_url
White Ash Pak Boz,AU-G-A-000159,Class A Marihuana Grower - License,Active,"5963 Scholl RD, Mancelona MI 49659",Mancelona,MI,49659,https://aca-prod.accela.com/MIMM/Cap/CapHome.aspx?module=Adult_Use&TabName=Adult_Use
Little Shop of Weed,AU-G-A-000156,Class A Marihuana Grower - License,Active,"1012 N Lansing ST, Mt. Pleasant MI 48858",Mt. Pleasant,MI,48858,https://aca-prod.accela.com/MIMM/Cap/CapHome.aspx?module=Adult_Use&TabName=Adult_Use
Faded Acres LLC,AU-G-A-000157,Class A Marihuana Grower - License,Active,"3624 Quade HWY, Rogers City MI 49779",Rogers City,MI,49779,https://aca-prod.accela.com/MIMM/Cap/CapHome.aspx?module=Adult_Use&TabName=Adult_Use
Space Cadet Cannabis,AU-G-A-000154,Class A Marihuana Grower - License,Active,"14111 White Creek AVE NE Suite H, Cedar Springs MI 49319",Cedar Springs,MI,49319,https://aca-prod.accela.com/MIMM/Cap/CapHome.aspx?module=Adult_Use&TabName=Adult_Use
"Tarantula Genetics, LLC",AU-G-A-000155,Class A Marihuana Grower - License,License Void,"1171 W Frances RD, Mount Morris MI 48458",Mount Morris,MI,48458,https://aca-prod.accela.com/MIMM/Cap/CapHome.aspx?module=Adult_Use&TabName=Adult_Use
Sapura,AU-G-A-000153,Class A Marihuana Grower - License,License Void,"520 E Dresden ST, Kalkaska MI 49646",Kalkaska,MI,49646,https://aca-prod.accela.com/MIMM/Cap/CapHome.aspx?module=Adult_Use&TabName=Adult_Use
Tri State Wellness & Recreational,AU-G-A-000152,Class A Marihuana Grower - License,License Void,"7503 E Reading RD, Pittsford MI 49271",Pittsford,MI,49271,https://aca-prod.accela.com/MIMM/Cap/CapHome.aspx?module=Adult_Use&TabName=Adult_Use
"Hazen Gardens, LLC",AU-G-A-000151,Class A Marihuana Grower - License,Active,"21864 W County Line RD, Augusta MI 49012",Augusta,MI,49012,https://aca-prod.accela.com/MIMM/Cap/CapHome.aspx?module=Adult_Use&TabName=Adult_Use
"3165 Farms, LLC",AU-G-A-000149,Class A Marihuana Grower - License,Active,"3165 Alabaster RD, Tawas City MI 48763",Tawas City,MI,48763,https://aca-prod.accela.com/MIMM/Cap/CapHome.aspx?module=Adult_Use&TabName=Adult_Use
Wise Tree Farms LLC,AU-G-A-000147,Class A Marihuana Grower - License,Active,"8751 N Wise RD, Clare MI 48617",Clare,MI,48617,https://aca-prod.accela.com/MIMM/Cap/CapHome.aspx?module=Adult_Use&TabName=Adult_Use
Plughead Gardens,AU-G-B-000345,Class B Marihuana Grower - License,Active,"195 E Howard ST, Breedsville MI 49027",Breedsville,MI,49027,https://aca-prod.accela.com/MIMM/Cap/CapHome.aspx?module=Adult_Use&TabName=Adult_Use
"Rad Rootz, LLC",AU-G-B-000346,Class B Marihuana Grower - License,Active,"4611 Platt LN, Ann Arbor MI 48108",Ann Arbor,MI,48108,https://aca-prod.accela.com/MIMM/Cap/CapHome.aspx?module=Adult_Use&TabName=Adult_Use
"BG Grow, LLC",AU-G-B-000344,Class B Marihuana Grower - License,Active,"23881 Dequindre RD, Hazel Park MI 48030",Hazel Park,MI,48030,https://aca-prod.accela.com/MIMM/Cap/CapHome.aspx?module=Adult_Use&TabName=Adult_Use
"Garden Holdings C, LLC",AU-G-B-000341,Class B Marihuana Grower - License,Active,"32330 Ford RD Suite A, Garden City MI 48135",Garden City,MI,48135,https://aca-prod.accela.com/MIMM/Cap/CapHome.aspx?module=Adult_Use&TabName=Adult_Use
Iliad Epic Grow,AU-G-B-000339,Class B Marihuana Grower - License,Active,"921 Terminal RD, Lansing MI 48906",Lansing,MI,48906,https://aca-prod.accela.com/MIMM/Cap/CapHome.aspx?module=Adult_Use&TabName=Adult_Use
420 Satori LLC,AU-G-B-000338,Class B Marihuana Grower - License,Active,"6764 Just Barns DR Unit 15, Fennville MI 49408",Fennville,MI,49408,https://aca-prod.accela.com/MIMM/Cap/CapHome.aspx?module=Adult_Use&TabName=Adult_Use
"Natural Tranquilities Springs, LLC",AU-G-B-000334,Class B Marihuana Grower - License,Active,"11025 Elk DR, Atlanta MI 49709",Atlanta,MI,49709,https://aca-prod.accela.com/MIMM/Cap/CapHome.aspx?module=Adult_Use&TabName=Adult_Use
"Brothers Cole, Inc.",AU-G-B-000337,Class B Marihuana Grower - License,Active,"52558 Burlington RD, Marcellus MI 49067",Marcellus,MI,49067,https://aca-prod.accela.com/MIMM/Cap/CapHome.aspx?module=Adult_Use&TabName=Adult_Use
"Tarantula Genetics, LLC",AU-G-B-000330,Class B Marihuana Grower - License,Active,"1171 W Frances RD, MT Morris MI 48458",MT Morris,MI,48458,https://aca-prod.accela.com/MIMM/Cap/CapHome.aspx?module=Adult_Use&TabName=Adult_Use
Pincanna,AU-G-B-000332,Class B Marihuana Grower - License,Active,"419 E. Pinconning RD, Pinconning MI 48650",Pinconning,MI,48650,https://aca-prod.accela.com/MIMM/Cap/CapHome.aspx?module=Adult_Use&TabName=Adult_Use
2,< Prev,1,5,3,,MI,,https://aca-prod.accela.com/MIMM/Cap/CapHome.aspx?module=Adult_Use&TabName=Adult_Use
"Hazel Park Growth, LLC",AU-G-C-001768,Class C Marihuana Grower - License,Active,"41645 Production DR, Harrison Twp MI 48045",Harrison Twp,MI,48045,https://aca-prod.accela.com/MIMM/Cap/CapHome.aspx?module=Adult_Use&TabName=Adult_Use
"Exquisite Extractions, Inc",AU-G-C-001765,Class C Marihuana Grower - License,Active,"1227 W. Frances RD, Mt. Morris MI 48458",Mt. Morris,MI,48458,https://aca-prod.accela.com/MIMM/Cap/CapHome.aspx?module=Adult_Use&TabName=Adult_Use
"Ace Cannabis, LLC",AU-G-C-001753,Class C Marihuana Grower - License,Active,"3896 Crooked Creek Dr Suite B, Vassar MI 48768",Vassar,MI,48768,https://aca-prod.accela.com/MIMM/Cap/CapHome.aspx?module=Adult_Use&TabName=Adult_Use
"Ace Cannabis, LLC",AU-G-C-001754,Class C Marihuana Grower - License,Active,"3896 Crooked Creek Dr Suite B, Vassar MI 48768",Vassar,MI,48768,https://aca-prod.accela.com/MIMM/Cap/CapHome.aspx?module=Adult_Use&TabName=Adult_Use
"Ace Cannabis, LLC",AU-G-C-001755,Class C Marihuana Grower - License,Active,"3896 Crooked Creek Dr Suite B, Vassar MI 48768",Vassar,MI,48768,https://aca-prod.accela.com/MIMM/Cap/CapHome.aspx?module=Adult_Use&TabName=Adult_Use
"Ace Cannabis, LLC",AU-G-C-001756,Class C Marihuana Grower - License,Active,"3896 Crooked Creek Dr Suite B, Vassar MI 48768",Vassar,MI,48768,https://aca-prod.accela.com/MIMM/Cap/CapHome.aspx?module=Adult_Use&TabName=Adult_Use
"Ace Cannabis, LLC",AU-G-C-001752,Class C Marihuana Grower - License,Active,"3896 Crooked Creek Dr Suite B, Vassar MI 48768",Vassar,MI,48768,https://aca-prod.accela.com/MIMM/Cap/CapHome.aspx?module=Adult_Use&TabName=Adult_Use
"Xianggelira, LLC",AU-G-C-001761,Class C Marihuana Grower - License,Active,"19449 Glendale ST, Detroit MI 48223",Detroit,MI,48223,https://aca-prod.accela.com/MIMM/Cap/CapHome.aspx?module=Adult_Use&TabName=Adult_Use
Franckart Lapeer LLC,AU-G-C-001751,Class C Marihuana Grower - License,Active,"581 N. Water ST, Vassar MI 48768",Vassar,MI,48768,https://aca-prod.accela.com/MIMM/Cap/CapHome.aspx?module=Adult_Use&TabName=Adult_Use
GMAC Enterprises LLC,AU-G-C-001749,Class C Marihuana Grower - License,Active,"21216 JOHN R RD, HAZEL PARK MI 48030",HAZEL PARK,MI,48030,https://aca-prod.accela.com/MIMM/Cap/CapHome.aspx?module=Adult_Use&TabName=Adult_Use
2,< Prev,1,5,3,,MI,,https://aca-prod.accela.com/MIMM/Cap/CapHome.aspx?module=Adult_Use&TabName=Adult_Use
"Northwoods Cultivation, LLC",AU-G-EX-000391,Excess Marihuana Grower - License,Active,"1751 W. Beecher ST, Adrian MI 49221",Adrian,MI,49221,https://aca-prod.accela.com/MIMM/Cap/CapHome.aspx?module=Adult_Use&TabName=Adult_Use
"Northwoods Cultivation, LLC",AU-G-EX-000392,Excess Marihuana Grower - License,Active,"1751 W. Beecher ST, Adrian MI 49221",Adrian,MI,49221,https://aca-prod.accela.com/MIMM/Cap/CapHome.aspx?module=Adult_Use&TabName=Adult_Use
"Northwoods Cultivation, LLC",AU-G-EX-000390,Excess Marihuana Grower - License,Active,"1751 W. Beecher ST, Adrian MI 49221",Adrian,MI,49221,https://aca-prod.accela.com/MIMM/Cap/CapHome.aspx?module=Adult_Use&TabName=Adult_Use
"Northwoods Cultivation, LLC",AU-G-EX-000389,Excess Marihuana Grower - License,Active,"1751 W. Beecher ST, Adrian MI 49221",Adrian,MI,49221,https://aca-prod.accela.com/MIMM/Cap/CapHome.aspx?module=Adult_Use&TabName=Adult_Use
"Northwoods Cultivation, LLC",AU-G-EX-000388,Excess Marihuana Grower - License,Active,"1751 W. Beecher ST, Adrian MI 49221",Adrian,MI,49221,https://aca-prod.accela.com/MIMM/Cap/CapHome.aspx?module=Adult_Use&TabName=Adult_Use
"Northwoods Cultivation, LLC",AU-G-EX-000387,Excess Marihuana Grower - License,Active,"1751 W. Beecher ST, Adrian MI 49221",Adrian,MI,49221,https://aca-prod.accela.com/MIMM/Cap/CapHome.aspx?module=Adult_Use&TabName=Adult_Use
"Northwoods Cultivation, LLC",AU-G-EX-000386,Excess Marihuana Grower - License,Active,"1751 W. Beecher ST, Adrian MI 49221",Adrian,MI,49221,https://aca-prod.accela.com/MIMM/Cap/CapHome.aspx?module=Adult_Use&TabName=Adult_Use
"PG Manufacturing, LLC",AU-G-EX-000372,Excess Marihuana Grower - License,Active,"3050 Crandall PKWY, Lawrence MI 49064",Lawrence,MI,49064,https://aca-prod.accela.com/MIMM/Cap/CapHome.aspx?module=Adult_Use&TabName=Adult_Use
"PG Manufacturing, LLC",AU-G-EX-000373,Excess Marihuana Grower - License,Active,"3050 Crandall PKWY, Lawrence MI 49064",Lawrence,MI,49064,https://aca-prod.accela.com/MIMM/Cap/CapHome.aspx?module=Adult_Use&TabName=Adult_Use
"PG Manufacturing, LLC",AU-G-EX-000374,Excess Marihuana Grower - License,Active,"3050 Crandall PKWY, Lawrence MI 49064",Lawrence,MI,49064,https://aca-prod.accela.com/MIMM/Cap/CapHome.aspx?module=Adult_Use&TabName=Adult_Use
2,< Prev,1,5,3,,MI,,https://aca-prod.accela.com/MIMM/Cap/CapHome.aspx?module=Adult_Use&TabName=Adult_Use
