company_name,tier,contact_name,email,phone,website,city_state_zip,country,products_summary,product_codes,has_potting_products,source,extracted_date
1/2C Gladstone Street,Tier 1 - Craft Soil Blender,,,+611300284227,,,Australia,"We The Wild Anti-Gnat Concentrate Botanical Insecticide (wwu- 21925) l, We The Wild Bloom Concentrate (wwu-21926), We The Wild Bloom Pump & Go 0.14-0.10-2.84 (wwu-22307), We The Wild Hydro Pellets 1-0","wwu-21926, wwu-22307, wwu-21656, wwu-17247, wwu-22327, wwu-22355, wwu-18469, wwu-22306, wwu-21842, wwu-22352, wwu-22332",True,OMRI Products List,2026-02-05
AC Infinity Inc.,Tier 1 - Craft Soil Blender,Jimmy Liu,jimmy@acinfinity.com,+19095698014,www.acinfinity.com,,United States,AC Infinity INSTANT POTTING MIX Premium Buffered Coco Coir (ahy-19073),ahy-19073,True,OMRI Products List,2026-02-05
Agromin Corporation,Tier 1 - Craft Soil Blender,Dave Green,dave@agromin.com,+18002476646,www.agromin.com,"Oxnard, CA  93030",United States,"Agromin Compost 100 (amn-1165), Agromin Cover Mulch (amn-21056), Agromin ES-2 Mulch  (amn-17473), Agromin Potting Mix (amn-2605), Organic Compost (amn-6365), Organic Harvest All Purpose Potting Soil (","amn-1165, amn-21056, amn-17473, amn-2605, amn-6365, amn-5596, amn-6366",True,OMRI Products List,2026-02-05
Amerigrow,Tier 1 - Craft Soil Blender,David Tomlinson,dave@amerigrow.com,+15614998148,www.amerigrow.com,"Delray Beach, FL  33446",United States,"Amerigrow Eco-Soil Premium Organic Compost (arr-16518), Amerigrow Organic Potting Soil Compost Blend (arr- 21390)",arr-16518,True,OMRI Products List,2026-02-05
Austin Wood Recycling,Tier 1 - Craft Soil Blender,Mitch Warrick,mitch.warrick@austinwoodrecycling.com,+18175642506,,"Hutto, TX  78634",austinwoodrecycling.com,"Texas Native Biochar-Enhanced Organic Super Soil (awr-19464), Texas Native Enriched Topsoil (awr-19477), Texas Native Grower's Mix Premium Organic Soil (awr- 18964), Texas Native Hardwood Mulch (awr- ","awr-19464, awr-19477, awr-18741",True,OMRI Products List,2026-02-05
"Back to the Roots, Inc.",Tier 1 - Craft Soil Blender,Accounting,accounting@backtotheroots.com,+15109229758,,,USA,"Back to the Roots Organic 100% Coconut Coir  (brh-18599), Back to the Roots Organic Expanding Indoor Potting Mix Premium 100% Organic Coconut Coir (brh- 20716), Back to the Roots Organic Expanding Mul","brh-18599, brh-22533, brh-20964, brh-18600, brh-20853, brh-20852, brh-16072, brh-12890",True,OMRI Products List,2026-02-05
Blessing Greenhouses & Compost,Tier 1 - Craft Soil Blender,"Facility, Inc.",blessingsblends@gmail.com,+13026848990,www.blessingsblends.com,"Milford, DE  19963",United States,"Blessings Blends Organic Plant Food 5-1-4 (ble-3757), Blessings Blends Potting Mix (ble-3607), Blessings Blends Premium Compost (.5 -.5 -.4) (ble-2683)","ble-3757, ble-3607, ble-2683",True,OMRI Products List,2026-02-05
Botanicare,Tier 1 - Craft Soil Blender,Regulatory Affairs,state.reg@scotts.com,+18008084826,www.botanicare.com,,United States,"Botanicare Hydroguard Bacillus root inoculant (bta-4341), Botanicare Organicare Bloom 5-7-10 Nutrient Organic and Natural Fertilizer (bta-15354) l, Botanicare Organicare Grow 7-6-9 Nutrient Organic an","bta-4341, bta-15354, bta-15355, bta-15110",True,OMRI Products List,2026-02-05
"Brentwood Distribution, LLC",Tier 1 - Craft Soil Blender,Kristen McRae,kristen@prmulch.com,+16037224060,www.prmulch.com,,United States,"P.R. Russell Mulch & Soil Products Organic Seed Starting Mix formulated for Seed Germination Cuttings Ready-To-Use (bda-15282), P.R. Russell Mulch & Soil Products SOILITE Seed Starting Mix formulated ","bda-15282, bda-14620",True,OMRI Products List,2026-02-05
"Brut Worm Farms, Inc.",Tier 1 - Craft Soil Blender,Karen Larson,karen.larson@brutwormfarms.com,+1320-634-6727,,"Brooten, MN  56316",United States,"Brut Worm Farms Brut Aspen Mulch (bwo-19358), Brut Worm Farms Brut Chicken Compost (bwo-19357), Brut Worm Farms Brut Cow Compost (bwo-19356), Brut Worm Farms Brut Peat (bwo-11289), Brut Worm Farms Bru","bwo-19358, bwo-19357, bwo-19356, bwo-11289, bwo-20278",True,OMRI Products List,2026-02-05
COCONUT PRODUCTS IMPEX,Tier 1 - Craft Soil Blender,Sayed Asif,asif@coconutimpex.com,,www.coconutimpex.com,,India,BIO. AGRI Organic Coir Growing Mix (cox-14872),cox-14872,True,OMRI Products List,2026-02-05
Cedar Grove,Tier 1 - Craft Soil Blender,Marketing Team,,+18777645748,,"Seattle, WA  98108",USA,"Cedar Grove Booster Blend Garden Soil 1.60-0.90-1.50 (cgc-7410), Cedar Grove Compost 2.-0.7-1 (cgc-7411), Cedar Grove Potting Soil 1.1-0.3-0.4 (cgc-7466)","cgc-7410, cgc-7411, cgc-7466",True,OMRI Products List,2026-02-05
"Coast of Maine Organic Products, Inc.",Tier 1 - Craft Soil Blender,,compliance@coastofmaine.com,+1717-786-2146,www.coastofmaine.com,"Portland, ME  04101",United States,"Coast of Maine Bar Harbor Blend Organic & Natural Potting Soil (com-15517), Coast of Maine Castine Blend Organic & Natural Raised Bed Mix (com-15518), Coast of Maine Cobscook Blend In-Ground Garden So","com-15517, com-15518, com-19462, com-10177, com-22078, com-10178, com-15523, com-21840, com-21761, com-22001, com-22003, com-22004, com-22002, com-21780, com-22000, com-22275, com-18038, com-19465, com-15522, com-10179, com-3490, com-3714, com-3711, com-21250",True,OMRI Products List,2026-02-05
Cocolife Coir LLC,Tier 1 - Craft Soil Blender,Sales,info@cocolifecoir.com,+19252091975,,,United States,Cocolife Coir Expanding Potting Soil Premium 100% Quality Coconut Coir Pith (cdi- 21864) OMRI Products List Crop Products by Company 53,,True,OMRI Products List,2026-02-05
Crop Circle,Tier 1 - Craft Soil Blender,Will Pierce,will@cropcircle.us,,,,cropcircle.us,Crop Circle Midnight Extra Potting Soil (crw-22157),crw-22157,True,OMRI Products List,2026-02-05
Dirtcraft Organics LLC,Tier 1 - Craft Soil Blender,Adam  Schwartz,livingsoil@dirtcraftorganics.com,+1828-649-5161,www.dirtcraftorganics.com,"Marshall, NC  28753",United States,"Dirtcraft Living Soils G-Force All Purpose Mix (dob-17174), Dirtcraft Living Soils Levitation Seedling Mix (dob-17173)","dob-17174, dob-17173",True,OMRI Products List,2026-02-05
"Down To Earth Distributors, Inc.",Tier 1 - Craft Soil Blender,Adam Cole,acole@downtoearthdistributors.com,+18002345932,www.downtoearthdistributors.com,"Eugene, OR  97440",United States,"Down to Earth All Natural Fertilizers Seabird Guano 0-11-0 (det-10438), Down To Earth All Natural Fertilizer All Purpose Tomato & Vegetable Mix 4-6-2 (det- 1767), Down to Earth All Natural Fertilizer ","det-10438, det-3493, det-4842, det-2720, det-2998, det-18920, det-2187, det-2766, det-21292, det-8805, det-19968, det-19793, det-2532, det-5608, det-18921, det-11549, det-8806, det-17084, det-6492, det-11699, det-5558, det-4448, det-4970, det-20063, det-1082, det-11853",False,OMRI Products List,2026-02-05
Dr. Earth Co.,Tier 1 - Craft Soil Blender,Milo Shammas,milo@drearth.com,+17074484676,www.drearth.com,"Winters, CA  95694",United States,"Dr. Earth House Plant Indoor Potting Soil (dei-19797), Dr. Earth House Plant Pump & Grow Concentrated Indoor Plant Food 1-1-1 (dei-18382)","dei-19797, dei-18382",True,OMRI Products List,2026-02-05
Easy Gardener Inc.,Tier 1 - Craft Soil Blender,Scott Ross,scottr@jobescompany.com,+18599875389,www.jobescompany.com,"Paris, KY  40361",United States,"Jobe's Organics All-Purpose Granular Plant Food (egi-1990), Jobe's Organics Annuals & Perennials Granular Plant Food 3-5-4 (egi-6461), Jobes Organics Azalea, Camellia & Rhododendron Granular Plant Foo","egi-1990, egi-6461, egi-8985, egi-8562, egi-12129, egi-2657, egi-3342, egi-2659, egi-2660, egi-0828, egi-6508, egi-0830, egi-0827, egi-0829, egi-12131, egi-2867, egi-8333, egi-8487, egi-8488, egi-3344, egi-8987, egi-10012, egi-8988, egi-2866, egi-2658, egi-13933, egi-8374, egi-8334, egi-8388, egi-7480",True,OMRI Products List,2026-02-05
Envirem Organics,Tier 1 - Craft Soil Blender,Colin P. Murray,sales@envirem.com,+18005249411,www.envirem.com,,Canada,"Envirem Organics Inc. Potato Compost (eno-7633), Envirem Organics Manassas Leaf and Yard Compost (eno- 21320), ETI's Greenhouse Gold Dark-Bark Mulch (eno-1356), ETI's Greenhouse Gold Enriched Raised B","eno-7633, eno-1356, eno-20128, eno-1354, eno-1358, eno-1353, eno-1357",True,OMRI Products List,2026-02-05
"Foenix Forest Technology, Inc.",Tier 1 - Craft Soil Blender,Rick Fawkes,info@seasoil.com,+18667327645,www.seasoil.com,,CANADA,"E Essential Soils™ Organic Made with Sea Soil 1.7-.45-.21  (ssf-11908), Original Sea Soil Organic Compost 2.1-0.16-.05 (ssf- 9878), Potting Mix with Sea Soil Organic 1.8- 1.2-.2 (ssf-0198), Sea Soil! ","ssf-11908, ssf-0198, ssf-11917",True,OMRI Products List,2026-02-05
Green As It Gets,Tier 1 - Craft Soil Blender,,contact@greenasitgets.com,+16613663200,www.greenasitgets.com,"Bakersfield, CA  93306",USA,"Artisan Organics Planting Mix Fruit & Veggie (gag-16492) l, BioInfuze Brassica (Cole Crops) Microbial Inoculant (gag-21116), BioInfuze Fruit & Nut (Tree & Vine) Microbial Inoculant (gag-21117), BioInf","gag-16492, gag-21116, gag-21117, gag-21118, gag-8989, gag-7384, gag-7385",True,OMRI Products List,2026-02-05
Green Garden Products,Tier 1 - Craft Soil Blender,Ryan Turner,ryanturner@plantationproducts.com,+1508-285-5800,,,United States,Ferry-Morse Natural & Organic Seed Starting Mix (ggn-8586),ggn-8586,True,OMRI Products List,2026-02-05
Gro-Well Brands,Tier 1 - Craft Soil Blender,Lloyd Porter,regulatory@gro-well.com,+16027920275,www.gro-well.com,,United States,"Beyond Peat Professional Organics BIO-FIBER Organic Soil Conditioner (gwb- 18252), Beyond Peat Professional Organics Organic All-Purpose Garden Soil (gwb-15208) *, Beyond Peat Professional Organics Or","gwb-15208, gwb-15207, gwb-11657, gwb-11656, gwb-16999, gwb-11658, gwb-13122, gwb-13121",True,OMRI Products List,2026-02-05
Jiffy International,Tier 1 - Craft Soil Blender,Khaled Abed,khaled.abed@jiffygroup.com,+15063362284,www.jiffygroup.com,,CANADA,"J7 Organic Peat Coir Pellet (jip- 20594), Coco Substrate Compressed- Coco Substrate Coco Pith 100% (jip-2583), J7 Organic Peat Pellet (jip-7162), J7 Organic QSM Peat Pellet (jip-7611), Jiffy 2” Biodeg","jip-2583, jip-7162, jip-7611, jip-22145, jip-1719, jip-1720, jip-6817, jip-6820, jip-6818, jip-18684, jip-1389, jip-5265, jip-5266, jip-18363, jip-18365, jip-1716",True,OMRI Products List,2026-02-05
KSI,Tier 1 - Craft Soil Blender,Marketing Barron,rubenbarron@kellogggarden.com,+19517508900,,"Carson, CA  90745",United States,"Gardner & Bloome  G&B Organics Raised Bed & Potting Mix (ksi-5298) l, Gardner & Bloome G&B Organics Acid Planting Mix (ksi-7742) l, Gardner & Bloome G&B Organics Blue Ribbon Blend Premium Potting Soil","ksi-5298, ksi-7742, ksi-7743, ksi-6131, ksi-8224, ksi-7745, ksi-6176, ksi-7748, ksi-7749, ksi-7750, ksi-7751, ksi-7752, ksi-7753, ksi-7754",True,OMRI Products List,2026-02-05
Kellogg Garden Products,Tier 1 - Craft Soil Blender,Ruben Barron,rubenbarron@kellogggarden.com,+19517508900,www.kellogggarden.com,"Carson, CA  90745",United States,"Gardner & Bloome G&B Organics All Purpose Fertilizer 4-4-4 (kgp-1613), Gardner & Bloome G&B Organics All Purpose Fertilizer with MicroAlgae 4-4-4 Granular (kgp-14810), Gardner & Bloome G&B Organics Bl","kgp-1613, kgp-14810, kgp-14811, kgp-1615, kgp-14812, kgp-2289, kgp-15379, kgp-1608, kgp-1609, kgp-14813, kgp-1614, kgp-1612, kgp-14814, kgp-1359, kgp-6846, kgp-14191, kgp-6847, kgp-6848, kgp-6849, kgp-6850, kgp-3472, kgp-6056, kgp-13960, kgp-13959",True,OMRI Products List,2026-02-05
KnowingNature LLC,Tier 1 - Craft Soil Blender,Rachel Haber,rachel@knowingnature.com,,www.knowingnature.com,"Englewood, NJ  07631",United States,Organic Coco Coir Instant Potting Mix: (knl-19842),knl-19842,True,OMRI Products List,2026-02-05
LGM Soil dba LGM Company,Tier 1 - Craft Soil Blender,Sam Banuelos,sam@lgmsoil.com,+16264488042,www.lgmsoil.com,,USA,"LGM Soil Amendments Organic & Natural 2-in-1 Planting Mix & Mulch (lgm- 15598) l, LGM Soil Amendments Organic & Natural Cactus Succulent Palm & Citrus Mix (lgm-15599) l, LGM Soil Amendments Organic & ","lgm-15599, lgm-15787, lgm-20026, lgm-15788, lgm-15790, lgm-15597, lgm-15789, lgm-15791",True,OMRI Products List,2026-02-05
Living Soil Management Inc.,Tier 1 - Craft Soil Blender,Josh Adams,livingsoilmgmt@gmail.com,+1503-313-0008,,,United States,"Living Amino Boron 5-0-0, 10% B (lsf-21632) l, Living Amino Cal 8-0-0 (lsf- 21634), Living Amino K 2-0-14 (lsf-21668), Living Amino Micros 7-0-0 (lsf-21635) l, Living Amino N 14-0-0 (lsf-21633)","lsf-21632, lsf-21668, lsf-21635, lsf-21633",False,OMRI Products List,2026-02-05
McEnroe Organic Farm,Tier 1 - Craft Soil Blender,Raymond McEnroe,ray@mcenroefarm.com,+15187893252,,"Millerton, NY  12546",USA,"McEnroe Organic Farm Premium Garden Blend (mco-15978) l, McEnroe Organic Farm Premium Lite Growing Mix (mco-2606), McEnroe Organic Farm Premium Organic Potting Soil (mco-2793)","mco-15978, mco-2606, mco-2793",True,OMRI Products List,2026-02-05
Michigan Peat Company,Tier 1 - Craft Soil Blender,J. David Newman,dnewman@michiganpeat.com,+18003247328,www.michiganpeat.com,,United States,"Baccto® Organic Compost (mpc- 6043), Baccto® Organic Premium Potting Soil (mpc-7304), Baccto® Peat (mpc-3990), Baccto® Sphagnum Peat Moss Soil Conditioner and Mulch (mpc-4273), Baccto® Veggie Mix (mpc","mpc-7304, mpc-3990, mpc-4273, mpc-3289",True,OMRI Products List,2026-02-05
"Miller Companies, LC",Tier 1 - Craft Soil Blender,Floyd Faucette,ffmillers@aol.com,+1435-245-3157,,"Hyrum, UT  84319",United States,"Blue Ribbon Landscaping Products Miller's A to Z Mix Soil Stimulator & Plant Food Mix (mlc-11249), Blue Ribbon Landscaping Products Miller's All Purpose Organic Blend Topsoil (mlc-21409), Blue Ribbon ","mlc-11249, mlc-21409, mlc-21410, mlc-21411, mlc-21406, mlc-21407, mlc-21408",True,OMRI Products List,2026-02-05
Natural Pack INC,Tier 1 - Craft Soil Blender,,contactus@supermoss.com,+1(805)933-4888,https://www.supermoss.com/,,United States,SuperMoss Organic Potting Mix (npe-20707),npe-20707,True,OMRI Products List,2026-02-05
New Earth,Tier 1 - Craft Soil Blender,Michael Lininger,mlininger@newearthcompost.com,+12106615180,www.newearthcompost.com,"San Antonio, TX  78204",United States,"New Earth Manure Compost (nen- 7485), New Earth Organic Top Shelf Cactus Soil (nen-11342), New Earth Organic Top Shelf Compost (nen-7486), New Earth Organic Top Shelf Garden Soil (nen-7483), New Earth","nen-11342, nen-7486, nen-7483, nen-11104, nen-7487, nen-11349",True,OMRI Products List,2026-02-05
"P.F. Harris Manufacturing Company,",Tier 1 - Craft Soil Blender,LLC,,+18006370317,,"Cartersville, GA  30120",USA,"Harris Coco Coir Pith Compressed Coconut Fiber Expandable Substrate (pfh- 15677), Harris Perlite Horticultural Grade (pfh- 18898), Harris Potting Mix All Purpose with Worm Castings (pfh-17573), Harris","pfh-17573, pfh-17713, pfh-16091",True,OMRI Products List,2026-02-05
Pineae Greenhouses Inc.,Tier 1 - Craft Soil Blender,Brian Gold,bgold@pineae.com,,www.pineae.com,,United States,WOOLY WATER WISE Premium Indoor & Outdoor Potting Mix (pgj-21079) l,pgj-21079,True,OMRI Products List,2026-02-05
PittMoss LLC,Tier 1 - Craft Soil Blender,Brian Scott,brian@pittmoss.com,+18888422553,www.pittmoss.com,"Ambridge, PA  15003",United States,"PittMoss Plentiful Potting Mix (pit- 10312) l, PittMoss® Prime Soil Amendment (pit-7809)",pit-7809,True,OMRI Products List,2026-02-05
"Planet Found Energy Development,",Tier 1 - Craft Soil Blender,LLC,ncloyd@chpk.com,+13026975375,,,United States,Element Soil Annemessex Blend Potting Mix (pfe-16975) l OMRI Products List Crop Products by Company 149,pfe-16975,True,OMRI Products List,2026-02-05
"Premier Horticulture, Inc.",Tier 1 - Craft Soil Blender,Ed Bloodnick,bloe@premiertech.com,+1800-424-2554,www.premierhort.com,"Quakertown, PA  18951-1682",United States,"Premier Organic Garden Soil 0.04 - 0.06 - 0.04 (phl-7738), Premier® Sphagnum Peat Moss (phl-1339), Pro-Mix Connect Mycorrhizal Inoculant Powder (phl-11926), PRO-MIX FLX Flexible Purpose Growing Medium","phl-7738, phl-1339, phl-11926, phl-8686, phl-10611, phl-8403, phl-2698, phl-12747, phl-3549, phl-7453, phl-1537, phl-1536, phl-1538",True,OMRI Products List,2026-02-05
"Purple Cow Organics, LLC",Tier 1 - Craft Soil Blender,Jerod Reuter,jreuter@purplecoworganics.com,+16088310349,www.purplecoworganics.com,"Middleton, WI  53562",United States,"BioActive Liquid Supercharger Concentrated (pco-19171), Bioactive Liquilife+ (pco-17146), Jung Family Garden Raised Bed Mix (pco-11768), Jung Family Garden Seed Starting Mix (pco-11704), Purple Cow In","pco-19171, pco-17146, pco-11768, pco-11704, pco-10844, pco-3468, pco-5222, pco-14237, pco-16312, pco-7029, pco-8884, pco-3469, pco-22112, pco-7867, pco-5223",True,OMRI Products List,2026-02-05
Rexius Forest By-Products,Tier 1 - Craft Soil Blender,Dan Sutton,dans@rexius.com,+18884739487,www.rexius.com,"Eugene, OR  97402",USA,"Garden Valley Naturals All Natural & Organic Biochar (rex-6103), Garden Valley Naturals All Natural & Organic Worm Castings (rex-7877), Garden Valley Organics Organic Compost (rex-13905), Opus Grows B","rex-6103, rex-7877, rex-13905, rex-10326, rex-10330, rex-10327, rex-10328, rex-10329, rex-22360",True,OMRI Products List,2026-02-05
Sawgrass Organics LLC,Tier 1 - Craft Soil Blender,Marc Nakhel,marc@sawgrassorganics.com,+19043839265,,"Jacksonville, FL  32256",United States,Sawgrass Organics Potting Mix (sfw-22755),sfw-22755,True,OMRI Products List,2026-02-05
Shaans LLC,Tier 1 - Craft Soil Blender,Shan Muruganantham,,+17143504685,www.coirgro.com,"Chino Hills, CA  91709",USA,"Coirgro 100% Organic Coco Peat - Growing  Medium Potting Mix, Seed Starting (shn-7482), Coirgro coco Grow Slab/Bag (shn- 8191)",shn-7482,True,OMRI Products List,2026-02-05
Soil Seed And Water llc,Tier 1 - Craft Soil Blender,Jaziel Baez,jaziel.baez@agave-inc.com,+16022541464,,,United States,"Dan's Gold (ssq-15428), Soil Seed & Water Amazonian Dark Earth Biochar Mineral (ssq-20283), Soil Seed & Water ARTEMIS ROOT BOOST BLEND Tree and Shrub Planting Amendment (ssq-19943), Soil Seed & Water ","ssq-15428, ssq-20283, ssq-19943, ssq-20286, ssq-18054, ssq-19942, ssq-21127, ssq-18026, ssq-21555, ssq-19944, ssq-20152, ssq-20284, ssq-20168, ssq-18027, ssq-20288, ssq-20287, ssq-18053, ssq-19873, ssq-21667, ssq-19874",True,OMRI Products List,2026-02-05
Swanson Bark & Wood Products,Tier 1 - Craft Soil Blender,Steven Liffers,steve@swansonbark.com,,,"Longview, WA  98632",United States,"California's Own Organic Flower & Vegetable Garden Soil (sbw-17719) l, California's Own Organic Flower & Vegetable Potting Mix (sbw-17718) l, California's Own Organic Flower & Vegetable Raised Bed Soi","sbw-17719, sbw-17718, sbw-17717, sbw-13229, sbw-13226, sbw-13232, sbw-13228, sbw-13231, sbw-13227, sbw-17715, sbw-17716, sbw-10569, sbw-16556, sbw-16557, sbw-16555, sbw-16560, sbw-16558",True,OMRI Products List,2026-02-05
Tank's Green Stuff,Tier 1 - Craft Soil Blender,,shota@ffxsite.net,+15202902796,,"Tucson, AZ  85715",United States,"Tank's Green Stuff 100% Natural Organic Fertilizer Super Mix (fcp-7578), Tank's Green Stuff Tank's Organic Compost (fcp- 6774), Tank's Green Stuff Tank's Potting Mix Organic ""Coco-Soil"" (fcp-16044), T","fcp-7578, fcp-16044, fcp-15085",True,OMRI Products List,2026-02-05
Terrace Brands,Tier 1 - Craft Soil Blender,Tracey Angel,tracey.angel@scotts.com,+18665413114,,,United States,"Bonnie Plants FOODIE FRESH CONTAINER PLANT FOOD (trb-16300), Bonnie Plants Harvest Select Organic Raised Bed Soil (trb-17175), BONNIE PLANTS HARVEST SELECT RAISED BED PLANT FOOD 8-2-5 (trb- 17517), Bo","trb-16300, trb-17175, trb-16729, trb-15781, trb-15782, trb-15783, trb-15786, trb-15785, trb-20569, trb-19517, trb-18589",True,OMRI Products List,2026-02-05
"Texas Mulch Masters, Inc.",Tier 1 - Craft Soil Blender,Nolan  Butterfras,nolan@texasmulchmasters.com,+1713-859-3658,,,United States,PotDirt Natural & Organic Potting Soil (tmm-15806),tmm-15806,True,OMRI Products List,2026-02-05
"The Answer Garden Products, Ltd.",Tier 1 - Craft Soil Blender,Martin Moser,martin@envirowaste.ca,+18006671942,,,CANADA,The Answer! 100% Organic Potting Soil (agp-3017),agp-3017,True,OMRI Products List,2026-02-05
The Mulch & Soil Company,Tier 1 - Craft Soil Blender,Trey George,tgeorge@themulchsoilco.com,,,"Fort Myers, FL  33916",United States,"Aged Pine Bark Fines (tmb-18669), Jungle Growth Organic Compost plus Manure 0.5-0.5-0.5 (tmb-22855), Jungle Growth Organic Garden Mix (tmb-15321), Jungle Growth Organic Potting Mix (tmb-15316), Jungle","tmb-18669, tmb-22855, tmb-15321, tmb-15316",True,OMRI Products List,2026-02-05
The Organic Mechanics Soil,Tier 1 - Craft Soil Blender,"Company, LLC",mark@organicmechanicsoil.com,+16103804598,www.organicmechanicsoil.com,"Kennett Square, PA  19348",United States,"American Plant Organic Potting Soil (tom-1583), American Plant Planting Mix Biochar Blend (tom-3676), Homestead Gardens Homestead Select All-Purpose Organic Potting Soil 0.5-0.1-0.5 A Ready-To- Use Mi","tom-1583, tom-3676, tom-7722, tom-17368, tom-2835, tom-5126, tom-2768, tom-16545, tom-3619, tom-1108",True,OMRI Products List,2026-02-05
Toscana Corporation,Tier 1 - Craft Soil Blender,Lindsay Gerstmyer,lindsay@toscanacorp.com,+1508,www.toscanacorp.com,,United States,"NANTUCKET SOIL COLLECTION ORGANIC COMPOST (tce-16234), NANTUCKET SOIL COLLECTION ORGANIC GARDEN SOIL FOR GARDEN BED ESTABLISHMENT & RENOVATION (tce- 16236), NANTUCKET SOIL COLLECTION ORGANIC LAWN SOIL","tce-16234, tce-19982",True,OMRI Products List,2026-02-05
"True Organic Products, Inc.",Tier 1 - Craft Soil Blender,Beatrice Pardo,info@true.ag,+18313754796,www.true.ag,"Spreckels, CA  93962",United States,"TRUE Bio-Blend Liquid Fertilizer 0.5- 0-1 (top-2946), True Bio-Builder 0.5-0-1 (top- 7765), True Choke-Out Herbicide (top-21696) l, True Coop Juice 2-1-1  (top-20832), True Organic 4-0-1 Liquid Lawn F","top-2946, top-21696, top-20832, top-13898, top-21993, top-13881, top-21994, top-17398, top-21991, top-13900, top-13903, top-13901, top-21376, top-13922, top-22289, top-17399, top-13899, top-21988, top-18957, top-13915, top-15033, top-16137, top-13914, top-20747, top-18021, top-16138, top-13902, top-2434, top-0914, top-9061, top-17875, top-9060, top-15883",True,OMRI Products List,2026-02-05
"VOR, Inc.",Tier 1 - Craft Soil Blender,Mike Rooney,miker@vermontorganics.com,+1802-862-1924,www.vermontorganics.com,"Williston, VT  05495",United States,"Coir (voa-15125), Vorganic Organic Growers Potting Mix (voa-15274) l, Vorganic Seed Starter (voa-15294) l OMRI Products List Crop Products by Company 203","voa-15125, voa-15274, voa-15294",True,OMRI Products List,2026-02-05
"Vogel Seed & Fertilizer, LLC",Tier 1 - Craft Soil Blender,Patrick Morris,p.morris@iocmgmtco.com,+18452388745,,,United States,"Burpee Enhanced Natural and Organic All Purpose Plant Food 5-5-5 (vsf- 19505), Burpee Enhanced Natural and Organic Rose + Bloom Plant Food 4-6-4 (vsf- 19506), Burpee Enhanced Natural and Organic Tomat","vsf-19507, vsf-19514, vsf-19515, vsf-19678, vsf-19680, vsf-19677, vsf-19509, vsf-19676, vsf-19510, vsf-19679, vsf-19511, vsf-19513",True,OMRI Products List,2026-02-05
Wallace Farm Inc,Tier 1 - Craft Soil Blender,Eric Wallace,eric@wallacefarmproducts.com,+17048752975,www.wallacefarmproducts.com,"Huntersville, NC  28078",USA,"BEYOND Peat Professional Organics BIO-FIBER ORGANIC SOIL CONDITIONER (wfr-19014), Wallace Farm Carolina Gold Organics Premium Garden Soil (wfr-17293), Wallace Farm Carolina Gold Organics Premium Potti","wfr-19014, wfr-17293, wfr-17294, wfr-8921, wfr-8919",True,OMRI Products List,2026-02-05
"1399), Miracle-Gro® Raised Bed Soil (mgp-",Tier 2 - Commodity Producer,,,,,,,,,False,OMRI Products List,2026-02-05
Berger Peat Moss,Tier 2 - Commodity Producer,Product Management,productsupp@berger.ca,+14188624462,www.berger.ca,,CANADA,"Berger OM2 Seed Germination Mix (bpm-7770), Berger OM2NFWNOFFTS OM2 NFWOOD HP NO FERT FST SKY (bpm-16244), Berger OM4NFWSTDFST OM4 NF WOOD FST SKY (bpm-19086), Berger OM5 NFWOOD HP NOC SKY (bpm-22423)","bpm-7770, bpm-16244, bpm-19086, bpm-22423, bpm-8894, bpm-8948, bpm-7771, bpm-5448, bpm-1098, bpm-12263, bpm-8961",False,OMRI Products List,2026-02-05
"Lambert Peat Moss, Inc.",Tier 2 - Commodity Producer,Frédéric Gagnon,info@lambertpeatmoss.com,+18004634083,www.lambertpeatmoss.com,,Canada,"Beltwide Incorporated The Gold Organic Soilless Mix Peat Moss Substrate Formulated for Germination of Vegetables and Tobacco Seeds (lpm-6148), Canadian Gold Coarse Grade Professional Canadian Sphagnum","lpm-6148, lpm-3202, lpm-18254, lpm-1309, lpm-15060, lpm-5929, lpm-8597, lpm-7223, lpm-7224, lpm-19338, lpm-3200, lpm-7921, lpm-10854, lpm-10855, lpm-5791, lpm-5790, lpm-16417, lpm-21897, lpm-6929, lpm-19337, lpm-1056, lpm-8598, lpm-1829, lpm-19339, lpm-1055, lpm-1053, lpm-1054, lpm-1831, lpm-19335, lpm-1830",True,OMRI Products List,2026-02-05
Miracle-Gro Lawn Products Inc.,Tier 2 - Commodity Producer,Greg Cunningham,greg.cunningham@scotts.com,+19376452772,www.miraclegro.com,"Marysville, OH  43041",United States,"Miracle-Gro nature's care Insecticidal Soap (mgp-4418) l, Miracle-Gro nature's care Organic Garden Soil with Water Conserve (mgp-4863), Miracle-Gro nature's care Organic Incredible Expanding Planting ","mgp-4418, mgp-4863, mgp-7316, mgp-19498, mgp-20495, mgp-6014, mgp-15891, mgp-20452, mgp-20476, mgp-20529, mgp-22265, mgp-20496, mgp-20506, mgp-20453, mgp-20897, mgp-20497, mgp-11075, mgp-10996, mgp-12141, mgp-12137, mgp-12140, mgp-12138, mgp-12352, mgp-12139, mgp-8496, mgp-18482, mgp-5924, mgp-5230, mgp-1400",True,OMRI Products List,2026-02-05
"Oldcastle Lawn & Garden, Inc.",Tier 2 - Commodity Producer,Scott Wiltsey,scott.wiltsey@oldcastle.com,+14042297041,www.myoldcastle.com,"Atlanta, GA  31146",United States,"CAL-TURF PRO Calcitic Limestone Enhanced with Organic Humic Chelating Agent (olg-7638), Garden Safe All Purpose Potting Mix + Calcium 0.10-0.05-0.05  (olg- 16639) l *, Garden Safe Garden Soil for Flow","olg-7638, olg-16640, olg-7639, olg-12976, olg-6949, olg-6950, olg-6951, olg-6952, olg-6953, olg-14407, olg-6589, olg-5949, olg-6590",True,OMRI Products List,2026-02-05
Premier Tech Growers and Consumers,Tier 2 - Commodity Producer,Inc.,bloe@premiertech.com,+1215-529-1280,www.premiertech.com,,United States,"Premier Tech PRO-MIX O AGTIV DEFEND B Growing Medium Biofungicide MGO (ptf-20401), Premier Sphagnum Peat Moss (ptf-17604), PREMIER TECH AGTIV REACH G (ptf-19099), Premier Tech AGTIV REACH G For Landsc","ptf-20401, ptf-17604, ptf-19099, ptf-18009, ptf-18010, ptf-18117, ptf-21021, ptf-21270, ptf-20229, ptf-20234, ptf-19405, ptf-19030, ptf-16711, ptf-20327, ptf-19655, ptf-20400, ptf-20402, ptf-20108, ptf-20109, ptf-16595, ptf-20101, ptf-17858, ptf-17857",True,OMRI Products List,2026-02-05
Premier Tech Home & Garden Inc.,Tier 2 - Commodity Producer,Client Services,pthg.consumerinfo@premiertech.com,+14188678883,www.pthomeandgarden.com,,CANADA,MYKE Potting Mix with Mycoactive 0.3-0.1-0.1 (pth-9962),pth-9962,True,OMRI Products List,2026-02-05
Sun Gro Horticulture Canada Ltd.,Tier 2 - Commodity Producer,Erin Gries,erin.gries@sungro.com,+18007328667,,"Agawam, MA  01001",United States,"Black Gold Canadian Sphagnum Peat Moss (sgr-4520), Black Gold Just Coir (sgr-5319), Black Gold Natural & Organic Potting Mix (sgr-5386), Black Gold Seedling Mix (sgr-5320), sungro Horticulture Black G","sgr-4520, sgr-5319, sgr-5386, sgr-5320, sgr-5385, sgr-3718",True,OMRI Products List,2026-02-05
Sun Gro Horticulture Distribution Inc.,Tier 2 - Commodity Producer,Erin Gries,erin.gries@sungro.com,+18007328667,www.sungro.com,"Agawam, MA  01001",United States,"Sunshine Mezcla 3 Fina Especial Peat Moss SS Mix #3 ORG No Verm (sgh- 0474), Fafard Natural & Organic Potting Mix Resilience Silicon Enriched (sgh-5474), Grower's Gold Pacific Blend Natural & Organic ","sgh-5474, sgh-21979, sgh-14581, sgh-14585, sgh-13260, sgh-14583, sgh-13258, sgh-13264, sgh-9879, sgh-4199, sgh-13259, sgh-13261, sgh-14584, sgh-13262, sgh-13263, sgh-14586, sgh-14587, sgh-14162",True,OMRI Products List,2026-02-05
"Swiss Farms Products, Inc.",Tier 2 - Commodity Producer,Greg Cunningham,greg.cunningham@scotts.com,+19376452772,www.whitneyfarms.com,,United States,"EXPERT Gardener ORGANICS GARDEN SOIL for In-Ground Plants  (swf- 19651), sta-green ORGANIC POTTING MIX PLUS FERTILIZER 0.05-0.02-0.02 (swf-21432)",swf-21432,True,OMRI Products List,2026-02-05
The Hawthorne Gardening Company,Tier 2 - Commodity Producer,Greg Cunningham,greg.cunningham@scotts.com,+19376452772,,"Marysville, OH  43041",United States,"NNS 79766 Ready-To-Use (hco- 7591) l, Whitney Farms Natural All Purpose Plant Food 10-3-6 (hco-8545), Whitney Farms Organic & Natural Seed Starting Mix (hco- 6038), Whitney Farms Organic Bark Mulch (h","hco-8545, hco-6039, hco-6053, hco-6054, hco-7322",True,OMRI Products List,2026-02-05
The Scotts Co. LLC,Tier 2 - Commodity Producer,Janelle Restum,janelle.restum@scotts.com,+18002211760,www.scotts.com,"Marysville, OH  43041",United States,"Scotts Natural Lawn Food 11-2-2 (tsc-1463), Scotts Professional Sphagnum Peat Moss Acadian Mushroom (tsc-7868), Scotts Professional Sphagnum Peat Moss Blender Grade (tsc-8737), Scotts Professional Sph","tsc-1463, tsc-7868, tsc-8737, tsc-7870, tsc-7873, tsc-7875",False,OMRI Products List,2026-02-05
AB Rekyva,Tier 3 - Other Soil/Media,,vitalijus.a@rekyva.eu,+37041519020,www.rekyva.eu,,Lithuania,Rekyva professional base substrate (akq-21416),akq-21416,False,OMRI Products List,2026-02-05
Arber,Tier 3 - Other Soil/Media,Vanessa Dawson,vanessa@growarber.com,,www.growarber.com,,United States,"Arber Bio Fungicide (arq-15230) l, Arber Bio Insecticide (arq-15229) l, Arber Bio Protectant (arq-15228) l, Arber Organic All Purpose Fertilizer 3-2-1 (arq-19200), Arber Organic Fruit & Veggie Fertili","arq-15230, arq-15229, arq-15228, arq-19200, arq-19202",False,OMRI Products List,2026-02-05
BIOGROW SUBSTRATES PHILIPPINES,Tier 3 - Other Soil/Media,PVT INC.,y.pitiot@bio-grow.com,,,,,BIOGROW Natural Choice Cocopeat Block (bez-22125),bez-22125,False,OMRI Products List,2026-02-05
BiOWiSH Technologies,Tier 3 - Other Soil/Media,Regulatory Department,regulatory@biowishtech.com,+13125726700,www.biowishtech.com,"Blue Ash, OH  45242",United States,"BiOWiSH Technologies BiOWiSH Crop 100% Natural, Organic Soil Amendment and Crop Production Additive (bwt-12735), BiOWiSH Technologies BiOWiSH Crop Organic Auxiliary Soil and Plant Substance (bwt-9650)","bwt-12735, bwt-9650",False,OMRI Products List,2026-02-05
Biogrow Substrates India Pvt Ltd,Tier 3 - Other Soil/Media,HARINI K,indiacertification@bio-grow.com,,www.bio-grow.com,,India,"Biogrow Air (bgo-8338), Biogrow Air + (bgo-8340), Biogrow AIRMEX (bgo-8339), Biogrow Duo (bgo-8341), Biogrow Duo + (bgo- 8342), Biogrow Premium (bgo-8343), G Greenfizz 70/30 (bgo-14647)","bgo-8338, bgo-8340, bgo-8339, bgo-8341, bgo-8343, bgo-14647",False,OMRI Products List,2026-02-05
Bontera BioAg,Tier 3 - Other Soil/Media,Iqbal Kalla,iqbal@bontera.com,,www.bontera.com,"Plano, TX  75093",United States,"Bontera Seed Coating Wettable Powder 0-2-6 (bba-20627), Bontera Soil Probiotic NON GMO Organic Soil Amendment (bba-15565), Bontera Tricho-Power Soluble Powder 5.8-4.4-5.2 (bba-16546), Bontera® Impact ","bba-20627, bba-15565, bba-16546, bba-7650, bba-12270, bba-7651",False,OMRI Products List,2026-02-05
Brown Grow (PVT) LTD.,Tier 3 - Other Soil/Media,Chamila Lopez,info@browngrow.com,+94773130010,www.browngrow.com,,Sri Lanka,"Brown Grow Aqua (bce-15929), Brown Grow Blue  (bce-19456), Brown Grow Coco Chips Briquettes (bce-18511), Brown Grow Coco Chips Disc (bce-18513), Brown Grow Coco Coir Briquettes (bce-18512), Brown Grow","bce-15929, bce-19456, bce-18511, bce-18513, bce-18512, bce-18514, bce-21838, bce-19458, bce-21839, bce-15930, bce-15928",False,OMRI Products List,2026-02-05
COCO COIR GLOBAL COMPANY,Tier 3 - Other Soil/Media,LIMITED,info@cococoirglobal.com,+84947990296,www.cococoirglobal.com,,,"Coco Coir Global COCO COIR Premium Quality (coz-16230), Coco Coir Global Grow Bag (coz-16114)","coz-16230, coz-16114",False,OMRI Products List,2026-02-05
COCOMATS INTERNATIONAL,Tier 3 - Other Soil/Media,Frank C,info@cocomatsint.com,,www.cocoagri.com,,India,Cocomats International COCO AGRI Premium Coco Coir Dust (cbf-17673),cbf-17673,False,OMRI Products List,2026-02-05
"Ceyhinz Link International, Inc.",Tier 3 - Other Soil/Media,,orders@riococo.com,+12144920803,www.riococo.com,"Irving, TX  75038-3584",United States,"RIOCOCO WORLDWIDE 100 Horticultural Substrate (cey-3569), RIOCOCO WORLDWIDE 200 Horticultural Substrate (cey-3570), RIOCOCO WORLDWIDE 250 Horticultural Substrate (cey-3572), RIOCOCO WORLDWIDE 300 Hort","cey-3569, cey-3570, cey-3572, cey-3571, cey-0365, cey-8578, cey-8579, cey-5886",False,OMRI Products List,2026-02-05
Coir Mart LLC,Tier 3 - Other Soil/Media,Department of Compliance,info@coirmart.com,,www.coirmart.com,"Grand Saline, TX  75140",United States,All Natural Coco Coir Block (cml- 12286),,False,OMRI Products List,2026-02-05
CoirMedia(India) Export,Tier 3 - Other Soil/Media,Pravin M,sales@coirmedia.com,,,"POLLACHI, TAMILNADU  642120",India,"Coir Media Coco Peat Grow Bag 100% Peat (cmu-20148), Coir Media Coco Peat Grow Bag 50% Chips + 50% Coco Peat (cmu- 20149)",cmu-20148,False,OMRI Products List,2026-02-05
Compaqpeat SIA,Tier 3 - Other Soil/Media,Edijs Locmels,edijs.locmels@compaqpeat.com,,www.compaqpeat.com,,,"Compaqpeat QTS Peat Moss (cst- 20516), Compaqpeat QTS Substrate 1 Blueberry Organic (cst-14184), Compaqpeat QTS Substrate 3 xtra Organic (cst-14185)","cst-14184, cst-14185",False,OMRI Products List,2026-02-05
"Corigin Solutions, LLC.",Tier 3 - Other Soil/Media,Michael Woelk,mike@corigin.co,,,,United States,"corigin Corichar 100% Organic Soil Amendment (csk-12536), corigin Coriphol (csk-12979)","csk-12536, csk-12979",False,OMRI Products List,2026-02-05
Diton Inc.,Tier 3 - Other Soil/Media,Suresh Ayakkad,suresh.ayakkad@diton.com,+16306921756,www.diton.com,"Naperville, IL  60564",USA,"Diton Coir Diton Premium Coconut Coir Coco Peat Block (dit-8855), Diton Coir Premium Coconut Husk Chips (dit-13286)","dit-8855, dit-13286",False,OMRI Products List,2026-02-05
EURO Substrates (Pvt) Ltd,Tier 3 - Other Soil/Media,Chathura Fernando,chathura@trowide.lk,+94115522772,www.eurosubstrates.com,,Sri Lanka,euro substrates Washed Power- DaeYoung (eur-17210),eur-17210,False,OMRI Products List,2026-02-05
"Earthgreen Products, Inc.",Tier 3 - Other Soil/Media,John Lown,john.lown@earthgreen.com,+12147504698,www.earthgreen.com,"Dallas, TX  75231",United States,Earthgreen Menefee Humate® All Natural Organic Soil Conditioner (etg-0434),etg-0434,False,OMRI Products List,2026-02-05
Eco Coir Products,Tier 3 - Other Soil/Media,C. John Kirubakaran,wonderpeat@gmail.com,+914622543101,www.ecocoir.com,,India,"WonderPeat Growing Media Brick (ecp-8594), WonderPeat Growing Media- Growbag (ecp-8839)","ecp-8594, ecp-8839",False,OMRI Products List,2026-02-05
Eco Films Private Limited,Tier 3 - Other Soil/Media,THILAN  Samarawickrama,thilannz@ecoagro.co.nz,+64210753429,https://ecoagro.co.nz/,,Sri Lanka,Eco Agro Coco Peat Growing Media (efl-18711),efl-18711,False,OMRI Products List,2026-02-05
Envelor Corporation,Tier 3 - Other Soil/Media,Product Team,products@envelorinc.com,+17323873569,www.envelorinc.com,"Edison, NJ  08837",United States,Envelor COCO COIR BRICK (enl- 5802) OMRI Products List Crop Products by Company 73,,False,OMRI Products List,2026-02-05
"Fertile Ground, LLC",Tier 3 - Other Soil/Media,Bill Cannon,bc@fertilemicrobes.com,+13362103943,www.fertilemicrobes.com,"Mt. Pleasant, SC  29464",United States,Fertile Ground Soil Inoculant Organic Soil Amendment (feg-9673),feg-9673,False,OMRI Products List,2026-02-05
"Fibre Dust, LLC",Tier 3 - Other Soil/Media,Andrew Pidgeon,andrewpidgeon@fiberdust.com,+18609196550,www.fiberdust.com,"Cromwell, CT  06416",United States,"Fibre Dust LLC (fdu-2770), Fibre Dust LLC CalciGro - Organic Buffered Coir (fdu-17774), Fibre Dust LLC Coco Coir Growing Medium (fdu-4216), Fibredust Powered By Hydrafiber Advanced Substrate (fdu-1518","fdu-2770, fdu-17774, fdu-4216, fdu-15187, fdu-8247",False,OMRI Products List,2026-02-05
Fibre Family,Tier 3 - Other Soil/Media,Sankar Suresh,info@fibrefamily.info,+914782595560,https://www.fibrefamily.com,,India,Fibre Family Coco Coir Pith Brick (ffc-15325),ffc-15325,False,OMRI Products List,2026-02-05
Fish Head Farms,Tier 3 - Other Soil/Media,Tom Fox,tom@fishheadfarms.com,+14014197348,,"East Providence, RI  02914",United States,FISH SH!T Organic Soil Conditioner (fhf-8054),fhf-8054,False,OMRI Products List,2026-02-05
Floragard Vertriebs GmbH,Tier 3 - Other Soil/Media,Winfried Temming,temming@floragard.de,+494412092179,,,Germany,"Floragard Floratorf Baltic Florabalt Peat 0-7 mm (flg-19858), Floragard Floratorf Baltic Floratorf Peat Moss 0-20mm (flg-10108)","flg-19858, flg-10108",False,OMRI Products List,2026-02-05
GAPS EcoSys,Tier 3 - Other Soil/Media,Ponniah Selvakumar,selva@gapsecosys.org,+14846205243,www.gapsecosys.org,"Broomall, PA  19008",United States,"Gaps Coco Coir Block (gpe-6814), Gaps Coco Grow Bag (gpe-6815)","gpe-6814, gpe-6815",False,OMRI Products List,2026-02-05
GRANATUM BIOWORKS,Tier 3 - Other Soil/Media,GreenFort,contacto@granatumbw.com,,https://greenfort.com.mx/,,Mexico,"GreenFort Chitin Organic Soil Improver Powder (grx-13991), GreenFort Myco Inoculante Endomicorrícico Polvo Humectable (grx-14601), GreenFort Oto Inoculante Ectomicorrícico Granulado (grx- 17117), Gree","grx-13991, grx-14601, grx-14602",False,OMRI Products List,2026-02-05
Ganaderia la Reestructuracion SPR de,Tier 3 - Other Soil/Media,RL de CV,grupoesj@yahoo.com,+523336738483,,,México,"BIO DESINSECTA Insecticida + Repelente ORGÁNICO (fea-21884) l, Herbas Organicum MDS & S + MICROS PLUS 3-2-2 (fea-20466) l, Herbas Organicum Plant Protein 3-2-2 Soil and Substrate Enhancer (fea-12770),","fea-21884, fea-20466, fea-12770, fea-21779",False,OMRI Products List,2026-02-05
General Hydroponics,Tier 3 - Other Soil/Media,Regulatory Affairs,state.reg@scotts.com,+18008084826,,"Santa Rosa, CA  95407",United States,"General Hydroponics CocoTek Premium Coco Growing Media (gnh-3561), General Hydroponics Defguard Biofungicide / Bactericide (gnh-6523) l, General Hydroponics Exile Insecticide / Fungicide / Miticide (g","gnh-3561, gnh-6523, gnh-6524",False,OMRI Products List,2026-02-05
Genesys Specialty Group,Tier 3 - Other Soil/Media,,info@genesysproducts.com,+17156901106,,"Morrison, IL  61270",United States,"Genesys BioStax (gsp-19888), Genesys N Fusion 8-0-0 (gsp-21147) n, Genesys Optima 2-2-0 (gsp-19886), Genesys Optima 2-5-0 (gsp-19887), Genesys Organic Soil Builder Soil Amendment (gsp-3760), Genesys® ","gsp-19888, gsp-21147, gsp-19886, gsp-19887, gsp-3760, gsp-3759",False,OMRI Products List,2026-02-05
GreeNeem Agri Pvt. Ltd,Tier 3 - Other Soil/Media,S. Sundar,info@greeneem.com,+914562280885,www.greeneem.com,,INDIA,"GreeNeem CoCo Peat (ksb-5734), GreeNeem® Neem cake (ksb-0906), GreeNeem® Neem Oil (ksb-0907), GreeNeem® Neem Oil EC Biological Insecticide, Fungicide, Nematicide, Miticide (ksb-16196) l, GreeNeem® Nee","ksb-5734, ksb-0906, ksb-0907, ksb-16196, ksb-21008",False,OMRI Products List,2026-02-05
Green Scienx,Tier 3 - Other Soil/Media,Radhika Ganesh,greensciencx@gmail.com,+917305036947,www.greenscienx.com,,India,Green X Gold Coco Peat (gsx-19127),gsx-19127,False,OMRI Products List,2026-02-05
GreenGro Biologicals,Tier 3 - Other Soil/Media,GreenGro Biologicals LLC,admin@thegreengro.com,+17078382084,www.thegreengro.com,"Windsor, CA  95492",United States,"GreenGro Biologicals 0/40 Premium Baltic Peat Moss (ggb-15127), GreenGro Biologicals Home & Garden Pride Lands Defense (ggb-15128) l, GreenGro Biologicals Home and Garden Pride Lands Worm Castings (gg","ggb-15127, ggb-15128, ggb-19463, ggb-21002, ggb-20602, ggb-17887, ggb-17551",False,OMRI Products List,2026-02-05
GroPlus,Tier 3 - Other Soil/Media,,groplusglobal@gmail.com,,www.groplusglobal.com,"Frisco, TX  75035",United States,"GroPlus Premium Coco Grow Bag (cir-6648), GroPlus Premium Coco Grow Mat (cir-8491), GroPlus Premium Coco Husk Chips (cir-6551), GroPlus Premium Coco Peat (cir- 6552), GroPlus Premium Neem Meal (cir- 6","cir-6648, cir-8491, cir-6551, cir-6555",False,OMRI Products List,2026-02-05
Grow Soil Substrates (Pvt) Ltd,Tier 3 - Other Soil/Media,Srinath  PERERA,growsoil@sltnet.lk,+94112981880,www.growsoil.com,,Sri Lanka,"G Coco Substrates Grow Soil Classic Vegetables (gsu-16036), G Coco Substrates Grow Soil Smart (gsu-15235)","gsu-16036, gsu-15235",False,OMRI Products List,2026-02-05
Growcoco Substrates (Pvt) Ltd,Tier 3 - Other Soil/Media,Srinath PERERA,info@growcoco.us,,www.growcoco.us,,Sri Lanka,Growcoco Coco Substrates (gse- 14141),,False,OMRI Products List,2026-02-05
Growrite Substrates (Pvt) Ltd.,Tier 3 - Other Soil/Media,Chathura Fernando,chathura@trowide.lk,+940764061905,www.eurosubstrates.com,,Sri Lanka,Washed Power - DaeYoung (gws- 17197),,False,OMRI Products List,2026-02-05
Hansa Forestry SIA,Tier 3 - Other Soil/Media,Martins Avotins,martins@hansaforestry.com,+37127111927,www.hansaforestry.com,,,Hansa Forestry Raw Natural Peat Moss (hfs-19849),hfs-19849,False,OMRI Products List,2026-02-05
Hawaiian Earth Products,Tier 3 - Other Soil/Media,Blane Yoshimura,blane.yoshimura@hawaiianearth.com,+18086825895,www.hawaiianearth.com,"Wahiawa, HI  96786",United States,"Menehune MAGIC Organic Compost (haw-21405), Menehune Magic Organic Soil Conditioning Compost (haw- 17880)",haw-21405,False,OMRI Products List,2026-02-05
Hi-Point Industries,Tier 3 - Other Soil/Media,Michael Butler,mbutler@hi-pointindustries.ca,+1800-661-1675,www.oclansorb.com,,Canada,Jungle Peat Moss  (hpd-15727),hpd-15727,False,OMRI Products List,2026-02-05
Humintech GmbH,Tier 3 - Other Soil/Media,,a.schroeder@humintech.com,+4921817067617,www.humintech.com,"Grevenbroich, NRW  41517",GERMANY,"HuminTech LiqHumus Liquid 18 Organic Soil Conditioner & Biostimulant 18% Humic Acids Concentrate (hgh-3123), HuminTech Perl Humus Granules Organic Soil Conditioner (hgh-9509), HuminTech PowHumus WSG85","hgh-3123, hgh-9509, hgh-3124, hgh-11153",False,OMRI Products List,2026-02-05
Hydro Generation,Tier 3 - Other Soil/Media,Steve Sevener,steve@viagrow.com,+17062028489,,,United States,"Viagrow Coconut Coir Premium Soilless Grow Media (hga-14299), Viagrow Diatomaceous Earth Food Grade (hga-15963), Viagrow Horticulture #3 Vermiculite (hga- 17062), Viagrow Neem Oil 100% Cold Pressed Ne","hga-14299, hga-15963, hga-14522",False,OMRI Products List,2026-02-05
"Hydrofarm, LLC",Tier 3 - Other Soil/Media,Product Support,product.support@hydrofarm.com,+18006349990,,"Shoemakersville, PA  19555",United States,"GROW!T Coco Coir Chips  (hle- 15662), GROW!T Coco Coir Mix (hle-15663), GROW!T Coco Coir Mix Brick (hle-15665)","hle-15663, hle-15665",False,OMRI Products List,2026-02-05
Intradix Iberica S.L.,Tier 3 - Other Soil/Media,Elena Bailo Castilla,elena.bailo@intradix.com,+34637373772,www.intradix.com,,,INTRADIX AGRO CF4 (COCO SUBSTRATES) (iii-10017),iii-10017,False,OMRI Products List,2026-02-05
Juniper Organics Limited,Tier 3 - Other Soil/Media,Manon Daniels,daniels.manon@jdirving.com,+15062465614,www.juniperfarms.com,,Canada,"Happy Brook Canadian Sphagnum Peat Moss (jun-5460), Juniper Farms Northeast Gardener Canadian Sphagnum Peat Moss Ready to use (jun-6431), JuniperFarms Natural Mulch (jun-10707), JuniperFarms Professio","jun-5460, jun-6431, jun-10707, jun-10708",False,OMRI Products List,2026-02-05
KISS Nutrients,Tier 3 - Other Soil/Media,Minh Hoang Nguyen,kissnutrientsau@gmail.com,,,,Australia,Kiss Nutrients COCO Premium Organic Coco Peat (kis-17046),kis-17046,False,OMRI Products List,2026-02-05
KK Coir Industry,Tier 3 - Other Soil/Media,Ragavendran Ganesan,raga0710@gmail.com,,,,India,Coco Peat Grow Mix Bags (kkc- 19926) OMRI Products List Crop Products by Company 113,,False,OMRI Products List,2026-02-05
Kekkilä-BVB De Lier B.V.,Tier 3 - Other Soil/Media,Kekkilä-BVB Grubbenvorst B.V.,olga.morales@kekkila-bvb.com,+34603530071,www.bvb-substrates.nl,,Netherlands,"BVB 0-6 Natural Peat (bvb-18008), BVB Hydro Fit D (bvb-15123), BVB Substrates BVB Hydro Roots Turbo (bvb-19805), BVB Substrates BVB Hydro Turbo  (bvb-20056)","bvb-18008, bvb-15123, bvb-19805, bvb-20056",False,OMRI Products List,2026-02-05
"Key2GroupUSA, LLC",Tier 3 - Other Soil/Media,JOHN BENJAMIN,johnbenjamin@longreachaustralia.com,,,,United States,KEY 2 AG Organic soil replenishment/amendment/conditioner (kgu- 20390),,False,OMRI Products List,2026-02-05
Klasmann-Deilmann GmbH,Tier 3 - Other Soil/Media,Anthony Droui,anthony.droui@klasmann-deilmann.com,+49593731341,www.klasmann-deilmann.com,,GERMANY,"K Base Substrate pH balanced peat moss (kla-5595), K Lithuanian Peat Moss Sphagnum peat moss (kla-12396), K Substrates ProLine Container coarse + 35% perlite (kla-15478), K Substrates ProLine Potting ","kla-5595, kla-12396, kla-15478, kla-11720, kla-11719, kla-22223, kla-22222, kla-21449, kla-11545, kla-18736, kla-10410",False,OMRI Products List,2026-02-05
Kokkonut USA LLC,Tier 3 - Other Soil/Media,Fida Sayed,info@kokkonut.com,,www.kokkonut.com,,United States,Kokkonut Premium 100% Coco Peat (kus-22424),kus-22424,False,OMRI Products List,2026-02-05
MADAPPATT EXPORTS,Tier 3 - Other Soil/Media,,mail@kokogro.com,,https://kokogrow.in,,India,kokogro Coco Peat Blocks (maw- 19292),,False,OMRI Products List,2026-02-05
MP ECO PRODUCTS PRIVATE LIMITED,Tier 3 - Other Soil/Media,Lakshmana Kumar Palanisamy,rp@mpgroup.co.in,,www.kokosflora.com,,India,"Kokosflora Coco Blocks (mpe- 15414), Kokosflora Coco Growbags (mpe- 15415), KOKOSFLORA ORGANIC BUFFERED COCOPEAT (mpe-20338), KOKOSFLORA PURE ORGANIC UNCOMPRESSED COCO SUBSTRATE (mpe-17154)","mpe-20338, mpe-17154",False,OMRI Products List,2026-02-05
Mar Y Tierra Fertilizantes Orgánicos,Tier 3 - Other Soil/Media,Juan Carlos Alessio Galvez,gerencia@marytierra.com.mx,+526461529012,,"Ensenada, BC  22785",MEXICO,"ANCORA Enraizador Orgánico Fertilizante Orgánico • Concentrado Soluble (mfo-19443) l, Bio Quelatos Mar y Tierra Fertilizante Orgánicos Mar y Tierra B Fertilizante Orgánico (mfo-18005) l, Bio Quelatos ","mfo-19443, mfo-18005, mfo-4686, mfo-10151, mfo-4687, mfo-4812, mfo-18011, mfo-10249, mfo-17413, mfo-17414, mfo-17723, mfo-10248, mfo-19355, mfo-10987, mfo-8814, mfo-12936, mfo-12934, mfo-14953, mfo-14256, mfo-7613, mfo-18006, mfo-17342, mfo-9938, mfo-2637, mfo-2125, mfo-1861",False,OMRI Products List,2026-02-05
Mycelium,Tier 3 - Other Soil/Media,Grains & Substrates,info@myceliumenterprises.com,+1(657)251-0016,www.myceliumenterprises.com,,United States,"Mycelium Coco Coir Compressed Organic Coconut Fiber Expandable Substrate for Plants (mgd-20060), Mycelium Coco Coir M Compressed Coconut Fiber Expandable Substrate for Mushrooms (mgd-20020)","mgd-20060, mgd-20020",False,OMRI Products List,2026-02-05
Natural Green GmbH,Tier 3 - Other Soil/Media,Ivan Ipatov,i.ipatov@manaseernaturalgreen.com,+41792965476,https://www.manaseernaturalgreen.com,,,"MNG Aminotreat Seed coating (mng-20089), MNG AQUASAVE Inorganic Soil Improver (mng-20088), MNG Boron (mng- 20085), MNG Classic Plus (mng-19052), MNG Fe20 (mng-20084), MNG Mg12 (mng-20083), MNG Prill C","mng-20089, mng-20088, mng-19052, mng-20084, mng-20083, mng-20087, mng-21099, mng-20086",False,OMRI Products List,2026-02-05
Nutri-Mulch,Tier 3 - Other Soil/Media,Adrian Dyches,adrian.dyches@nutrimulch.com,+1435-851-3999,,,United States,Nutri-Mulch All Purpose Compost Ready To Use Organic Soil Conditioner (nma- 16856),,False,OMRI Products List,2026-02-05
"OBC Northwest, Inc.",Tier 3 - Other Soil/Media,Melanie Miller-Gonzalez,mmiller@obcnw.com,+18004774744,www.obcnw.com,"Canby, OR  97013",United States,Natural Soil Mix (obc-2344),obc-2344,False,OMRI Products List,2026-02-05
PLANTONIX LLC,Tier 3 - Other Soil/Media,,accounting@plantonix.com,+15417086070,www.plantonix.com,"Ashland, OR  97520",United States,"Plantonix Natural Growing Solutions Char Bliss Indoor Outdoor 100% Pure Organic Soil Conditioner Premium Quality BioChar (ptx-17176), Plantonix Natural Growing Solutions Neem Bliss Oil Pure Neem Oil 1","ptx-17176, ptx-11874, ptx-17009, ptx-17382, ptx-20354, ptx-17008",False,OMRI Products List,2026-02-05
PO Box 17161,Tier 3 - Other Soil/Media,,manager@earthessentialminerals.com,,,"Missoula, MT  59808",United States,"Earth Essential Minerals Bob's Secret Organic Soil Mineralizer (eem-22635), Earth Essential Silica (eem-21487), Earth Essential Silica (eem-21488) l","eem-22635, eem-21487, eem-21488",False,OMRI Products List,2026-02-05
Plastitech,Tier 3 - Other Soil/Media,Louis Charbonneau,lcharbonneau@plastitech.com,+18667527002,www.plastitech.com,,Canada,PlastiTech Professional Sphagnum Peat Moss (cpt-7329),cpt-7329,False,OMRI Products List,2026-02-05
Primal Substrates Inc,Tier 3 - Other Soil/Media,Sindhu Srinivasan,sindhu@primalsubstrates.com,,,,United States,Primal Substrates Primal Coco Coir Brick (psn-19955),psn-19955,False,OMRI Products List,2026-02-05
ProSource Plus LLC,Tier 3 - Other Soil/Media,Julia Kozak,prosourceplus@gmail.com,+12014650899,,"Wayne, NJ  07470",United States,"Peat Moss Coarse (psb-20028), Royal Crush Washed (psb-14866), Royal Pith Washed Coarse (psb-11783), Royal Pith Washed X-Coarse (psb-11782)","psb-20028, psb-14866, psb-11783, psb-11782",False,OMRI Products List,2026-02-05
Profile Products,Tier 3 - Other Soil/Media,Jeff Langner,jlangner@profileproducts.com,+18002076457,www.profileproducts.com,"Buffalo Grove, IL  60089",United States,"HydraFiber EZ Blend (prp-13151), HydraFiber Hydroponic Substrate + Coir  5KG Blocks (prp-22570), HydraFiber Ultra 065WB (prp-13146), HydraFiber Ultra 160WB (prp- 13148), HydraFiber Ultra 365WB (prp-13","prp-13151, prp-22570, prp-13146, prp-13149, prp-18486, prp-20155",False,OMRI Products List,2026-02-05
REMMY SUBSTRATES INDIA PRIVATE,Tier 3 - Other Soil/Media,LIMITED,info@remmy.in,,www.remmy.in,"COIMBATORE, TAMILNADU  642202",India,"Remmy 5kg Washed Coco Block (rem-18830), Remmy PROPAGATION CUBES (rem-22824), Remmy Substrates India Private Limited REMMY Embracing Roots PROSPER+ (rem-15344), Remmy Substrates India Private Limited ","rem-18830, rem-22824, rem-15344, rem-15342",False,OMRI Products List,2026-02-05
SECOND TOOL,Tier 3 - Other Soil/Media,SAMSIC KIM,secondtool19@gmail.com,+8201064350353,,,"21, Bakgok 1-gil, Gunbuk-myeon",PRIMA Coco Peat (sfj-22018),sfj-22018,False,OMRI Products List,2026-02-05
SIA Hortimed,Tier 3 - Other Soil/Media,Ritvars Jakobijs,ritvars@hortimedpeat.com,+37162103000,https://hortimedpeat.com/,,,"Hortimed HUMUS Biostimulant (sio- 20898), Hortimed Humus Soil Conditioner (sio- 17505), Hortimed Raw Natural Peat Moss (sio- 17152), Sapropel (sio-20856)",sio-20856,False,OMRI Products List,2026-02-05
SIA PINDSTRUP LATVIA,Tier 3 - Other Soil/Media,Joachim Lassen,jhl@pindstrup.com,+4589747489,www.pindstrup.com,,,"Pindstrup Green Forest Gold  (pim- 16599), Pindstrup Green Peat Moss Gold (pim- 16620)",,False,OMRI Products List,2026-02-05
SUGA COCO PRODUCTS PRIVATE,Tier 3 - Other Soil/Media,LIMITED,suga@sugacoco.com,,www.sugacoco.com,"COIMBATORE, TAMILNADU  642003",India,SUGA COCO COIR PITH (sue-13360),sue-13360,False,OMRI Products List,2026-02-05
Sai Substrates Private Limited,Tier 3 - Other Soil/Media,A Santhanam,santhanam@incoconut.com,+914512424645,www.saisubstrates.com,,India,Sai Substrates Growing Solutions Sai Substrates - Natural (sab-5292),sab-5292,False,OMRI Products List,2026-02-05
Sivanthi Joe Group,Tier 3 - Other Soil/Media,K. Sivakar,sivakar@sivanthijoecoirs.com,+914612264415,www.sivanthijoecoirs.com,,India,Sivanthi Joe Group Sivanthi Organic Coco Coir (sjg-6315),sjg-6315,False,OMRI Products List,2026-02-05
Southern Trident Limited,Tier 3 - Other Soil/Media,Balaji Manoharan,balaji@southerntrident.com,,www.southerntrident.com,,,Coco & Coir Little Big Compost Coco Coir (stt-20277),stt-20277,False,OMRI Products List,2026-02-05
Sphagnum Peat Moss Professional Grade,Tier 3 - Other Soil/Media,,,,,,,,,False,OMRI Products List,2026-02-05
Sunterra Horticulture (Canada) Inc.,Tier 3 - Other Soil/Media,Jeff Langner,jlangner@profileproducts.com,+18472153427,,"Buffalo Grove, IL  60089",United States,"Sunterra Horticulture ProfilePeat: Professional Fine Grade (suh-2335), Sunterra Horticulture ProfilePeat: Professional Grower Grade (suh-2334), Sunterra Horticulture Select Grade Peat Moss (suh-6360)","suh-2335, suh-2334, suh-6360",False,OMRI Products List,2026-02-05
THE COCO CORE LLC,Tier 3 - Other Soil/Media,GOWTHAM VELU,info@thecococore.com,,www.thecococore.com,,United States,COCO CORE COCO PEAT (tha-22129),tha-22129,False,OMRI Products List,2026-02-05
"The Andersons, Inc",Tier 3 - Other Soil/Media,Chuck Anderson,chuck_anderson@andersonsinc.com,+18002252639,www.andersonsplantnutrient.com,"Maumee, OH  43537",United States,"Biochar-DG (and-14236), Biomend 10-0-6 (and-12651) l, Black Gypsum DG Humic Solutions Soil Amendments (and-7634), DG Lite OP (and-11023) l, EcoGranule HW OP (and-12520), EcoGranule HW OP (and- 17624),","and-14236, and-12651, and-7634, and-11023, and-12520, and-13421, and-14066, and-5758, and-13909, and-14074, and-14298, and-18526, and-12325, and-8413, and-11189, and-18880, and-7528, and-20368, and-12661, and-4985, and-4662, and-3299, and-13238",False,OMRI Products List,2026-02-05
Timberfiber LLC,Tier 3 - Other Soil/Media,Andrew Mondi,amondi@timberfiber.com,+15127663696,www.timberfiber.com,,United States,"Ground wood substrate (tld-19393), Sunfiber (tld-21278)","tld-19393, tld-21278",False,OMRI Products List,2026-02-05
"True Leaf, LLC",Tier 3 - Other Soil/Media,True Leaf Market,support@trueleafmarket.com,+18014918700,www.trueleafmarket.com,"Salt Lake City, UT  84115",United States,"Handy Pantry - Jute Fiber Hydroponic Grow Medium - 10x20 Mats (lwf- 15633), Handy Pantry Azomite Organic Trace Mineral Fertilizer (lwf-5410), Mountain Valley Seed Co. Minute Soil Expanding Coconut Coi","lwf-5410, lwf-11174, lwf-11321, lwf-11322, lwf-20877, lwf-20361, lwf-22472",False,OMRI Products List,2026-02-05
Truecoirs LLC,Tier 3 - Other Soil/Media,,info@Truecoirs.com,+17744378591,,,United States,TrueCoirs 100% Natural Coco Coir Pith Growing Medium (tlb-18118),tlb-18118,False,OMRI Products List,2026-02-05
VAIGHAI AGRO PRODUCTS LIMITED,Tier 3 - Other Soil/Media,POUNRAJ KULANDAIVEL,pounraj@vaighai.com,+914522532515,www.vaighai.com,"MADURAI, TAMILNADU  625020",India,Gro-Med Coco Peat LEC (vai-22168) OMRI Products List Crop Products by Company 197,vai-22168,False,OMRI Products List,2026-02-05
Via Satellite Exporters and Importers,Tier 3 - Other Soil/Media,Raffy  Sahibjan,fathimazahra1981@gmail.com,,,,India,Royal Coco Peat Coco Premium (vse-15555),vse-15555,False,OMRI Products List,2026-02-05
Waterglider LLC,Tier 3 - Other Soil/Media,Sean McLaughlin,sean@watergliderint.com,+15092423390,,"Spokane Valley, WA  99216",United States,MagJo Naturals Coco Peat (wll- 18313),,False,OMRI Products List,2026-02-05
"WeCare Denali, LLC",Tier 3 - Other Soil/Media,Ryan Cerrato,ryan.cerrato@denaliwater.com,+14792391920,www.denalicorp.com,,United States,"WeCare Denali Organic Soil (wcd- 12267), WeCare Denali WeCare Compost (wcd-15857), WeCare Denali WeCare Compost Coarse (wcd-16014), WeCare Denali WeCare Compost Fine (wcd-16013)","wcd-15857, wcd-16014, wcd-16013",False,OMRI Products List,2026-02-05
Wildspore Mushrooms LLC.,Tier 3 - Other Soil/Media,Darek Bell,d@wildspore.farm,+16153519442,,,United States,"WildSpore Mushrooms CVG Substrate Coco coir. Vermiculite. Gypsum. (wmb-19781), Wildspore Sterilized Rye Spawn Bags (wmb-20876)","wmb-19781, wmb-20876",False,OMRI Products List,2026-02-05
"Xi'an CityMax Agrochemical Co., Ltd.",Tier 3 - Other Soil/Media,Vivi Lee,vivi@citymax-agro.com,+862989286649,,,China,"CITYMAX AminoBio85 (xcm-21318), CITYMAX FulviPower95 (xcm-20726), CITYMAX FulvoMax (xcm-6144), CITYMAX Max AminoN16 (xcm-13089), CITYMAX Max Black Pearl Humic Acid for Soil Application ORGANIC SOIL CO","xcm-21318, xcm-20726, xcm-6144, xcm-13089, xcm-16608, xcm-4984, xcm-8601, xcm-21642, xcm-6316, xcm-5894, xcm-5868",False,OMRI Products List,2026-02-05
Xpert Nutrients,Tier 3 - Other Soil/Media,Toma Donev,,+34604438860,www.xpertnutrients.com,,,XPert Nutrients CoconuX Ready- To-Use Coco Coir (xna-19150),xna-19150,False,OMRI Products List,2026-02-05
